{
 "abort_on_missing": false, 
 "check_memory": false, 
 "enable_e10s": false, 
 "is-sdk-bundled": false, 
 "jetpackID": "jid1-5kBR1ECLydLNug@jetpack", 
 "loader": "addon-sdk/lib/sdk/loader/cuddlefish.js", 
 "main": "main", 
 "mainPath": "riyusaki/main", 
 "manifest": {
  "riyusaki/main": {
   "docsSHA256": null, 
   "jsSHA256": "7c3d266cdd92372e3e936dae0a4268ad5d335b8d2e66ef2a8239d00c8e7ebcd3", 
   "moduleName": "main", 
   "packageName": "riyusaki", 
   "requirements": {
    "chrome": "chrome", 
    "sdk/simple-prefs": "sdk/simple-prefs", 
    "sdk/tabs": "sdk/tabs", 
    "sdk/windows": "sdk/windows"
   }, 
   "sectionName": "lib"
  }
 }, 
 "metadata": {
  "addon-sdk": {
   "description": "Add-on development made easy.", 
   "keywords": [
    "javascript", 
    "engine", 
    "addon", 
    "extension", 
    "xulrunner", 
    "firefox", 
    "browser"
   ], 
   "license": "MPL 2.0", 
   "name": "addon-sdk"
  }, 
  "riyusaki": {
   "author": "riyusaki.com", 
   "description": "Firefox extension for riyusaki.com", 
   "license": "MPL 2.0", 
   "main": "main", 
   "name": "riyusaki", 
   "permissions": {
    "private-browsing": true
   }, 
   "version": "0.2"
  }
 }, 
 "name": "riyusaki", 
 "parseable": false, 
 "preferences": [
  {
   "description": "_", 
   "hidden": true, 
   "name": "_ryski", 
   "title": "_ryski", 
   "type": "string", 
   "value": "_"
  }
 ], 
 "preferencesBranch": "jid1-5kBR1ECLydLNug@jetpack", 
 "sdkVersion": "1.17", 
 "staticArgs": {}, 
 "verbose": false
}